product,company,application_no,source_page,pdf_url,link_text,local_path,status,bytes,sha256
keytruda,BioPharma,125514,https://www.accessdata.fda.gov/scripts/cder/daf/index.cfm?event=overview.process&ApplNo=125514,"http://www.accessdata.fda.gov/drugsatfda_docs/label/2020/125514s59-64,69,76-83SumR.pdf",Summary Review,data/fda_dossiers/keytruda/001_125514s59-64_69_76-83sumr.pdf,downloaded,1223478,84b50f5418bb066e77b1bad012d2b7c4caac8d9c836822382d353f0e00c3465c
keytruda,BioPharma,125514,https://www.accessdata.fda.gov/scripts/cder/daf/index.cfm?event=overview.process&ApplNo=125514,https://www.accessdata.fda.gov/drugsatfda_docs/label/2014/125514lbl.pdf,Label (PDF),data/fda_dossiers/keytruda/002_125514lbl.pdf,downloaded,442977,beae6415c8fd76aacc4ec012edac9dbc86924f969852cd53d3601a3f2ea16313
keytruda,BioPharma,125514,https://www.accessdata.fda.gov/scripts/cder/daf/index.cfm?event=overview.process&ApplNo=125514,https://www.accessdata.fda.gov/drugsatfda_docs/appletter/2014/125514Orig1s000ltr.pdf,Letter (PDF),data/fda_dossiers/keytruda/003_125514orig1s000ltr.pdf,downloaded,517854,706206e2d74ba17575c9198756b6519eb3b3e0653c460452bffe68fafb11b1e1
keytruda,BioPharma,125514,https://www.accessdata.fda.gov/scripts/cder/daf/index.cfm?event=overview.process&ApplNo=125514,https://www.accessdata.fda.gov/drugsatfda_docs/nda/2014/125514Orig1s000SumR.pdf,Summary Review (PDF),data/fda_dossiers/keytruda/004_125514orig1s000sumr.pdf,downloaded,1186561,4c67dfa6a9e2675efae034c702c74ffd9b465c268bde631aaf7c8a9be0c41b03
keytruda,BioPharma,125514,https://www.accessdata.fda.gov/scripts/cder/daf/index.cfm?event=overview.process&ApplNo=125514,https://www.accessdata.fda.gov/drugsatfda_docs/label/2026/125514s195lbl.pdf,Label (PDF),data/fda_dossiers/keytruda/005_125514s195lbl.pdf,downloaded,3575994,88d1ce4528cf3b520e938e71a4e3987d3e8bc9cb751146f5a75851fedc45ca15
keytruda,BioPharma,125514,https://www.accessdata.fda.gov/scripts/cder/daf/index.cfm?event=overview.process&ApplNo=125514,https://www.accessdata.fda.gov/drugsatfda_docs/appletter/2026/125514Orig1s195ltr.pdf,Letter (PDF),data/fda_dossiers/keytruda/006_125514orig1s195ltr.pdf,downloaded,249123,0f5cd228968023027dcb382227a3e35d7ec05ead6931a8c741372a33d050c331
keytruda,BioPharma,125514,https://www.accessdata.fda.gov/scripts/cder/daf/index.cfm?event=overview.process&ApplNo=125514,https://www.accessdata.fda.gov/drugsatfda_docs/label/2025/125514s188lbl.pdf,Label (PDF),data/fda_dossiers/keytruda/007_125514s188lbl.pdf,downloaded,7397086,6c0c06ca22803a78745cfe34433551cd33afebc0f67d7bb03ab32c333dcce127
keytruda,BioPharma,125514,https://www.accessdata.fda.gov/scripts/cder/daf/index.cfm?event=overview.process&ApplNo=125514,https://www.accessdata.fda.gov/drugsatfda_docs/appletter/2025/125514Orig1s188ltr.pdf,Letter (PDF),data/fda_dossiers/keytruda/008_125514orig1s188ltr.pdf,downloaded,265088,09846613ff9550c7d7438d7314e34040bd08220caec705154c846a62f61c8c7a
keytruda,BioPharma,125514,https://www.accessdata.fda.gov/scripts/cder/daf/index.cfm?event=overview.process&ApplNo=125514,https://www.accessdata.fda.gov/drugsatfda_docs/label/2026/125514Orig1s186lbl.pdf,Label (PDF),data/fda_dossiers/keytruda/009_125514orig1s186lbl.pdf,downloaded,7089430,831cf703035545fd80b042c44cfd664644cd167d0cef1c8a7e4934a88c171394
keytruda,BioPharma,125514,https://www.accessdata.fda.gov/scripts/cder/daf/index.cfm?event=overview.process&ApplNo=125514,https://www.accessdata.fda.gov/drugsatfda_docs/appletter/2026/125514Orig1s186ltr.pdf,Letter (PDF),data/fda_dossiers/keytruda/010_125514orig1s186ltr.pdf,downloaded,260022,b69aeb1772ae0c07ccbc5e3b73c7278d95f7c6fe8ba6986ca8d32f4bd546854b
keytruda,BioPharma,125514,https://www.accessdata.fda.gov/scripts/cder/daf/index.cfm?event=overview.process&ApplNo=125514,https://www.accessdata.fda.gov/drugsatfda_docs/label/2025/125514s183lbl.pdf,Label (PDF),data/fda_dossiers/keytruda/011_125514s183lbl.pdf,downloaded,3297078,b9084794c3209b36796d201782efc35c36cc1f7e2c6d1bcd507dca9ac8e1084d
keytruda,BioPharma,125514,https://www.accessdata.fda.gov/scripts/cder/daf/index.cfm?event=overview.process&ApplNo=125514,https://www.accessdata.fda.gov/drugsatfda_docs/appletter/2025/125514Orig1s183ltr.pdf,Letter (PDF),data/fda_dossiers/keytruda/012_125514orig1s183ltr.pdf,downloaded,235437,379e9a733e72d9eaa75989be966ba19e87b51ff865305e8723dd533b54671314
keytruda,BioPharma,125514,https://www.accessdata.fda.gov/scripts/cder/daf/index.cfm?event=overview.process&ApplNo=125514,https://www.accessdata.fda.gov/drugsatfda_docs/label/2025/125514s182lbl.pdf,Label (PDF),data/fda_dossiers/keytruda/013_125514s182lbl.pdf,downloaded,7021672,35fe61d49dc1933a2121f8cda0e5a0993261c6813d8cfd8caae990b597b2a04e
keytruda,BioPharma,125514,https://www.accessdata.fda.gov/scripts/cder/daf/index.cfm?event=overview.process&ApplNo=125514,https://www.accessdata.fda.gov/drugsatfda_docs/appletter/2025/125514Orig1s182ltr.pdf,Letter (PDF),data/fda_dossiers/keytruda/014_125514orig1s182ltr.pdf,downloaded,306564,6e662ba2d86d44415a59b18ff8e3a62c25236cabfd76f38f981474ab2f136032
keytruda,BioPharma,125514,https://www.accessdata.fda.gov/scripts/cder/daf/index.cfm?event=overview.process&ApplNo=125514,https://www.accessdata.fda.gov/drugsatfda_docs/label/2025/125514s180lbl.pdf,Label (PDF),data/fda_dossiers/keytruda/015_125514s180lbl.pdf,downloaded,7185475,b78d3e66ed86028133d64ab3ee60ca73e4d5e247348be4e32efbbebc56af2c27
keytruda,BioPharma,125514,https://www.accessdata.fda.gov/scripts/cder/daf/index.cfm?event=overview.process&ApplNo=125514,https://www.accessdata.fda.gov/drugsatfda_docs/appletter/2025/125514Orig1s180ltr.pdf,Letter (PDF),data/fda_dossiers/keytruda/016_125514orig1s180ltr.pdf,downloaded,397990,6ff23d2a006465d6fff360fa29343c754374a188b4293fcaeaed4d12a450aa57
keytruda,BioPharma,125514,https://www.accessdata.fda.gov/scripts/cder/daf/index.cfm?event=overview.process&ApplNo=125514,https://www.accessdata.fda.gov/drugsatfda_docs/label/2025/125514s178lbl.pdf,Label (PDF),data/fda_dossiers/keytruda/017_125514s178lbl.pdf,downloaded,7061119,065d72a67815915e61bb391ee5d651fb4a89796cb7b7210b648dc450f0268e8d
keytruda,BioPharma,125514,https://www.accessdata.fda.gov/scripts/cder/daf/index.cfm?event=overview.process&ApplNo=125514,https://www.accessdata.fda.gov/drugsatfda_docs/appletter/2025/125514Orig1s178ltr.pdf,Letter (PDF),data/fda_dossiers/keytruda/018_125514orig1s178ltr.pdf,downloaded,130671,35a7a299914c9678c15b09a7512e8922b11acc069067e3fa3a6c7adb6be35728
keytruda,BioPharma,125514,https://www.accessdata.fda.gov/scripts/cder/daf/index.cfm?event=overview.process&ApplNo=125514,https://www.accessdata.fda.gov/drugsatfda_docs/label/2025/125514s174lbl.pdf,Label (PDF),data/fda_dossiers/keytruda/019_125514s174lbl.pdf,downloaded,3210302,32b85761a8c25d3981abfcdec73bc482464398b00ae9c1f21890fcc628e1a72c
keytruda,BioPharma,125514,https://www.accessdata.fda.gov/scripts/cder/daf/index.cfm?event=overview.process&ApplNo=125514,https://www.accessdata.fda.gov/drugsatfda_docs/appletter/2025/125514Orig1s174ltr.pdf,Letter (PDF),data/fda_dossiers/keytruda/020_125514orig1s174ltr.pdf,downloaded,211572,900d8a538fe572e27e990b69164a2e9362dedca2a3125203aef3659b01030c5c
keytruda,BioPharma,125514,https://www.accessdata.fda.gov/scripts/cder/daf/index.cfm?event=overview.process&ApplNo=125514,https://www.accessdata.fda.gov/drugsatfda_docs/label/2025/125514s173lbl.pdf,Label (PDF),data/fda_dossiers/keytruda/021_125514s173lbl.pdf,downloaded,6940143,f1090c18d983cb5670713e75a333c982b6ee6f89c4ab2efabbb45759a206cad8
keytruda,BioPharma,125514,https://www.accessdata.fda.gov/scripts/cder/daf/index.cfm?event=overview.process&ApplNo=125514,https://www.accessdata.fda.gov/drugsatfda_docs/appletter/2025/125514Orig1s173ltr.pdf,Letter (PDF),data/fda_dossiers/keytruda/022_125514orig1s173ltr.pdf,downloaded,279296,3c1cc0eb7ca4c302a62ae4c3843d716c261790f8d9b43d72972a356987379999
keytruda,BioPharma,125514,https://www.accessdata.fda.gov/scripts/cder/daf/index.cfm?event=overview.process&ApplNo=125514,https://www.accessdata.fda.gov/drugsatfda_docs/label/2025/125514s172lbl.pdf,Label (PDF),data/fda_dossiers/keytruda/023_125514s172lbl.pdf,downloaded,10332212,fcf0f38f22d0a3184e230eec1e2ef02b01135f5f04fed22a7e0307cc89b5ef0c
keytruda,BioPharma,125514,https://www.accessdata.fda.gov/scripts/cder/daf/index.cfm?event=overview.process&ApplNo=125514,https://www.accessdata.fda.gov/drugsatfda_docs/appletter/2025/125514Orig1s172ltr.pdf,Letter (PDF),data/fda_dossiers/keytruda/024_125514orig1s172ltr.pdf,downloaded,183958,38a27fa586f3cc5813da4597e0f7ef7ad5b2079cd09a7c079457129168ac5c7b
keytruda,BioPharma,125514,https://www.accessdata.fda.gov/scripts/cder/daf/index.cfm?event=overview.process&ApplNo=125514,https://www.accessdata.fda.gov/drugsatfda_docs/label/2024/125514s164lbl.pdf,Label (PDF),data/fda_dossiers/keytruda/025_125514s164lbl.pdf,downloaded,3883804,94bf10776f9a93abde4c634248705c807f2178c83cc08adb89bc627465cc2315
keytruda,BioPharma,125514,https://www.accessdata.fda.gov/scripts/cder/daf/index.cfm?event=overview.process&ApplNo=125514,https://www.accessdata.fda.gov/drugsatfda_docs/appletter/2024/125514Orig1s164ltr.pdf,Letter (PDF),data/fda_dossiers/keytruda/026_125514orig1s164ltr.pdf,downloaded,195038,822e8cf3587dc2343af1b0d5c1ea36728861edeee79d0edd4b6a28118cc7e6ca
keytruda,BioPharma,125514,https://www.accessdata.fda.gov/scripts/cder/daf/index.cfm?event=overview.process&ApplNo=125514,https://www.accessdata.fda.gov/drugsatfda_docs/label/2024/125514s162lbl.pdf,Label (PDF),data/fda_dossiers/keytruda/027_125514s162lbl.pdf,downloaded,7371600,77c04a7fb9269d98a7a48911e06b7e6db49c0c4be315f7d7685109bc81f146e0
keytruda,BioPharma,125514,https://www.accessdata.fda.gov/scripts/cder/daf/index.cfm?event=overview.process&ApplNo=125514,https://www.accessdata.fda.gov/drugsatfda_docs/appletter/2024/125514Orig1s162ltr.pdf,Letter (PDF),data/fda_dossiers/keytruda/028_125514orig1s162ltr.pdf,downloaded,178013,6a87303f629518428f09453d6f1018035f37d5d424fca88346b27184988b0170
keytruda,BioPharma,125514,https://www.accessdata.fda.gov/scripts/cder/daf/index.cfm?event=overview.process&ApplNo=125514,https://www.accessdata.fda.gov/drugsatfda_docs/label/2024/125514s161lbl.pdf,Label (PDF),data/fda_dossiers/keytruda/029_125514s161lbl.pdf,downloaded,6741100,5135652c285e4f01050671c18c7ae40f82555ebc308df46473ee4635c737ed12
keytruda,BioPharma,125514,https://www.accessdata.fda.gov/scripts/cder/daf/index.cfm?event=overview.process&ApplNo=125514,https://www.accessdata.fda.gov/drugsatfda_docs/appletter/2024/125514Orig1s161ltr.pdf,Letter (PDF),data/fda_dossiers/keytruda/030_125514orig1s161ltr.pdf,downloaded,211675,1d8d1daa3c7a1211f330e1f14b8e3252e1cec7ffcb6327db446e9d5b820af5ac
keytruda,BioPharma,125514,https://www.accessdata.fda.gov/scripts/cder/daf/index.cfm?event=overview.process&ApplNo=125514,https://www.accessdata.fda.gov/drugsatfda_docs/label/2024/125514s160lbl.pdf,Label (PDF),data/fda_dossiers/keytruda/031_125514s160lbl.pdf,downloaded,12219035,55dc4afd7e0c31a585caa8e936f293bdc8f2324b37126c5336efeaffb5787a40
keytruda,BioPharma,125514,https://www.accessdata.fda.gov/scripts/cder/daf/index.cfm?event=overview.process&ApplNo=125514,https://www.accessdata.fda.gov/drugsatfda_docs/appletter/2024/125514Orig1s160ltr.pdf,Letter (PDF),data/fda_dossiers/keytruda/032_125514orig1s160ltr.pdf,downloaded,223901,7a62828859b81547e12623504071833ea48e2f7b508758761afeac1c6abe1c98
keytruda,BioPharma,125514,https://www.accessdata.fda.gov/scripts/cder/daf/index.cfm?event=overview.process&ApplNo=125514,https://www.accessdata.fda.gov/drugsatfda_docs/label/2024/125514s158lbledt.pdf,Label (PDF),data/fda_dossiers/keytruda/033_125514s158lbledt.pdf,downloaded,7666102,9ba03f26d9b87b07af4d325d3e50078cd962c66c214c6c89868d3eb5ff33f52a
keytruda,BioPharma,125514,https://www.accessdata.fda.gov/scripts/cder/daf/index.cfm?event=overview.process&ApplNo=125514,https://www.accessdata.fda.gov/drugsatfda_docs/appletter/2024/125514Orig1s158Correctedltr.pdf,Letter (PDF),data/fda_dossiers/keytruda/034_125514orig1s158correctedltr.pdf,downloaded,124130,0e7e23b5363f423d0fb7270aedcad42237d122c2b44e2989e15bb5e4a68a2941
keytruda,BioPharma,125514,https://www.accessdata.fda.gov/scripts/cder/daf/index.cfm?event=overview.process&ApplNo=125514,https://www.accessdata.fda.gov/drugsatfda_docs/label/2024/125514s157lbl.pdf,Label (PDF),data/fda_dossiers/keytruda/035_125514s157lbl.pdf,downloaded,6677000,779af568b533c0bcb6ca05d848fe28dfb4c64bad410aa98001e11ad8e388421a
keytruda,BioPharma,125514,https://www.accessdata.fda.gov/scripts/cder/daf/index.cfm?event=overview.process&ApplNo=125514,https://www.accessdata.fda.gov/drugsatfda_docs/appletter/2024/125514Orig1s157ltr.pdf,Letter (PDF),data/fda_dossiers/keytruda/036_125514orig1s157ltr.pdf,downloaded,212977,7783fbaba55bb430c439819c7a88f7a46ea05fe1f5083e1b6a1b546b6dcdf09f
keytruda,BioPharma,125514,https://www.accessdata.fda.gov/scripts/cder/daf/index.cfm?event=overview.process&ApplNo=125514,https://www.accessdata.fda.gov/drugsatfda_docs/label/2024/125514s155lbl.pdf,Label (PDF),data/fda_dossiers/keytruda/037_125514s155lbl.pdf,downloaded,6601629,c504489f84f37c51541600c4b4ab3d0b79bcc4698b4e62cbbccf5d2eef1aa1e1
keytruda,BioPharma,125514,https://www.accessdata.fda.gov/scripts/cder/daf/index.cfm?event=overview.process&ApplNo=125514,https://www.accessdata.fda.gov/drugsatfda_docs/appletter/2024/125514Orig1s155ltr.pdf,Letter (PDF),data/fda_dossiers/keytruda/038_125514orig1s155ltr.pdf,downloaded,944573,613c359ae26766f2681ff0edc5ddeb7964ea698038ed06b99005d0c464d9bdda
keytruda,BioPharma,125514,https://www.accessdata.fda.gov/scripts/cder/daf/index.cfm?event=overview.process&ApplNo=125514,https://www.accessdata.fda.gov/drugsatfda_docs/label/2024/125514s154lbl.pdf,Label (PDF),data/fda_dossiers/keytruda/039_125514s154lbl.pdf,downloaded,6339923,273d4c1e0420f08287990f1fa516c8d30ebda25b6ac55813dc5e22277540dde9
keytruda,BioPharma,125514,https://www.accessdata.fda.gov/scripts/cder/daf/index.cfm?event=overview.process&ApplNo=125514,https://www.accessdata.fda.gov/drugsatfda_docs/appletter/2024/125514Orig1s154ltr.pdf,Letter (PDF),data/fda_dossiers/keytruda/040_125514orig1s154ltr.pdf,downloaded,150254,abeee934d11d9778414703b546921825cf4845670c49986455b1c5bf2d5da9e4
keytruda,BioPharma,125514,https://www.accessdata.fda.gov/scripts/cder/daf/index.cfm?event=overview.process&ApplNo=125514,https://www.accessdata.fda.gov/drugsatfda_docs/label/2023/125514s151s152lbl.pdf,Label (PDF),data/fda_dossiers/keytruda/041_125514s151s152lbl.pdf,downloaded,11931890,9f8a23694fe492442edbf490027f5cb29871a247b8bc3ce440d538f0203f53b7
keytruda,BioPharma,125514,https://www.accessdata.fda.gov/scripts/cder/daf/index.cfm?event=overview.process&ApplNo=125514,"https://www.accessdata.fda.gov/drugsatfda_docs/appletter/2023/125514Orig1s151, s152ltr.pdf",Letter (PDF),data/fda_dossiers/keytruda/042_125514orig1s151_s152ltr.pdf,downloaded,200648,504f3fdf68b833d99fbf33642cb36d3d8f8743011a5f8e255e3ad8683b0fb438
keytruda,BioPharma,125514,https://www.accessdata.fda.gov/scripts/cder/daf/index.cfm?event=overview.process&ApplNo=125514,https://www.accessdata.fda.gov/drugsatfda_docs/label/2023/125514s148lbl.pdf,Label (PDF),data/fda_dossiers/keytruda/043_125514s148lbl.pdf,downloaded,10496510,9b95fd47af549ab6df71e9096e9be378781df469e61a65f21da75e782ed77585
keytruda,BioPharma,125514,https://www.accessdata.fda.gov/scripts/cder/daf/index.cfm?event=overview.process&ApplNo=125514,https://www.accessdata.fda.gov/drugsatfda_docs/label/2024/125514s147lbl.pdf,Label (PDF),data/fda_dossiers/keytruda/044_125514s147lbl.pdf,downloaded,13078583,503530b1ee439017942eb8c5a5bef476fdbfeefc5daa53e05ceb22d2cd864271
keytruda,BioPharma,125514,https://www.accessdata.fda.gov/scripts/cder/daf/index.cfm?event=overview.process&ApplNo=125514,https://www.accessdata.fda.gov/drugsatfda_docs/appletter/2024/125514Orig1s147ltr.pdf,Letter (PDF),data/fda_dossiers/keytruda/045_125514orig1s147ltr.pdf,downloaded,215577,f8cf4d7d3ac39f4670dc6152e0efc78c988f9cda51e8403737a345094b1d97f3
keytruda,BioPharma,125514,https://www.accessdata.fda.gov/scripts/cder/daf/index.cfm?event=overview.process&ApplNo=125514,https://www.accessdata.fda.gov/drugsatfda_docs/label/2023/125514s145lbl.pdf,Label (PDF),data/fda_dossiers/keytruda/046_125514s145lbl.pdf,downloaded,10705923,a83d8082e4ffe46025557a25c7cffea5c16754fae7ce3c3152e6b7266bc8475f
keytruda,BioPharma,125514,https://www.accessdata.fda.gov/scripts/cder/daf/index.cfm?event=overview.process&ApplNo=125514,https://www.accessdata.fda.gov/drugsatfda_docs/appletter/2023/125514Orig1s145ltr.pdf,Letter (PDF),data/fda_dossiers/keytruda/047_125514orig1s145ltr.pdf,downloaded,213489,8a51de73fb4b7ee5f23cb6c88354423622c487e20494c34e431c9c25257574ab
keytruda,BioPharma,125514,https://www.accessdata.fda.gov/scripts/cder/daf/index.cfm?event=overview.process&ApplNo=125514,https://www.accessdata.fda.gov/drugsatfda_docs/label/2023/125514s144lbl.pdf,Label (PDF),data/fda_dossiers/keytruda/048_125514s144lbl.pdf,downloaded,9797537,2a4c3dead2ab2616876e16af1f79f735758bd8783de6af0411c7ed0f842a420c
keytruda,BioPharma,125514,https://www.accessdata.fda.gov/scripts/cder/daf/index.cfm?event=overview.process&ApplNo=125514,https://www.accessdata.fda.gov/drugsatfda_docs/appletter/2023/125514Orig1s144ltr.pdf,Letter (PDF),data/fda_dossiers/keytruda/049_125514orig1s144ltr.pdf,downloaded,210599,e3f1ad9cb000f81a070a3d821835590d72c1701e5afef8d0898299c29ecc0df9
keytruda,BioPharma,125514,https://www.accessdata.fda.gov/scripts/cder/daf/index.cfm?event=overview.process&ApplNo=125514,https://www.accessdata.fda.gov/drugsatfda_docs/label/2023/125514s143lbl.pdf,Label (PDF),data/fda_dossiers/keytruda/050_125514s143lbl.pdf,downloaded,13154628,1272ef59d92a75f69bb0d00138750d274b26b27364949264918f1469613f7881
keytruda,BioPharma,125514,https://www.accessdata.fda.gov/scripts/cder/daf/index.cfm?event=overview.process&ApplNo=125514,https://www.accessdata.fda.gov/drugsatfda_docs/appletter/2023/125514Orig1s143ltr.pdf,Letter (PDF),data/fda_dossiers/keytruda/051_125514orig1s143ltr.pdf,downloaded,210221,07fedc3ccbfaeaa3f6c5dfe4027a1217cc6ac5227fa9a041b577381ddbca21c6
keytruda,BioPharma,125514,https://www.accessdata.fda.gov/scripts/cder/daf/index.cfm?event=overview.process&ApplNo=125514,https://www.accessdata.fda.gov/drugsatfda_docs/label/2023/125514s142lbl.pdf,Label (PDF),data/fda_dossiers/keytruda/052_125514s142lbl.pdf,downloaded,10642951,ed15c8545c347c62be235fc9cf414c587b1c8bc2d87f6dc67a434087614b6ceb
keytruda,BioPharma,125514,https://www.accessdata.fda.gov/scripts/cder/daf/index.cfm?event=overview.process&ApplNo=125514,https://www.accessdata.fda.gov/drugsatfda_docs/appletter/2023/125514Orig1s142ltr.pdf,Letter (PDF),data/fda_dossiers/keytruda/053_125514orig1s142ltr.pdf,downloaded,225383,6375182151d46be0e238e3c19929fdc59a18a25701e1e59a761b83488eb4bcb6
keytruda,BioPharma,125514,https://www.accessdata.fda.gov/scripts/cder/daf/index.cfm?event=overview.process&ApplNo=125514,https://www.accessdata.fda.gov/drugsatfda_docs/label/2023/125514s139lbl.pdf,Label (PDF),data/fda_dossiers/keytruda/054_125514s139lbl.pdf,downloaded,11288880,5a5cfa36fae1c9df810e8ee6e3c4a62bf3717e452661367f45bf639adbf6408b
keytruda,BioPharma,125514,https://www.accessdata.fda.gov/scripts/cder/daf/index.cfm?event=overview.process&ApplNo=125514,https://www.accessdata.fda.gov/drugsatfda_docs/appletter/2023/125514Orig1s139ltr.pdf,Letter (PDF),data/fda_dossiers/keytruda/055_125514orig1s139ltr.pdf,downloaded,456786,46e37d1b593baff291b837af0b31a67e6d57a6a627236374ae9551eb230f6982
keytruda,BioPharma,125514,https://www.accessdata.fda.gov/scripts/cder/daf/index.cfm?event=overview.process&ApplNo=125514,https://www.accessdata.fda.gov/drugsatfda_docs/label/2023/125514s138lbl.pdf,Label (PDF),data/fda_dossiers/keytruda/056_125514s138lbl.pdf,downloaded,10503616,4495864134419c1d5cf4a9ea3a602547de00b5cc56bc00d4a2fc8ef4ad8255b3
keytruda,BioPharma,125514,https://www.accessdata.fda.gov/scripts/cder/daf/index.cfm?event=overview.process&ApplNo=125514,https://www.accessdata.fda.gov/drugsatfda_docs/appletter/2023/125514Orig1s138ltr.pdf,Letter (PDF),data/fda_dossiers/keytruda/057_125514orig1s138ltr.pdf,downloaded,268912,657ab20d2d3752892c7cc079ddf75de02f169a3bd6b06edd8ebaa30ca971f040
keytruda,BioPharma,125514,https://www.accessdata.fda.gov/scripts/cder/daf/index.cfm?event=overview.process&ApplNo=125514,https://www.accessdata.fda.gov/drugsatfda_docs/label/2023/125514s136lbl.pdf,Label (PDF),data/fda_dossiers/keytruda/058_125514s136lbl.pdf,downloaded,10592046,fcda10e6ddead2353863126d7a93a86ee3ef48580cf3bab6f3a77760936319eb
keytruda,BioPharma,125514,https://www.accessdata.fda.gov/scripts/cder/daf/index.cfm?event=overview.process&ApplNo=125514,https://www.accessdata.fda.gov/drugsatfda_docs/appletter/2023/125514Orig1s136ltr.pdf,Letter (PDF),data/fda_dossiers/keytruda/059_125514orig1s136ltr.pdf,downloaded,270939,222d9775632ff889505dc917bc2c800539fdb75c1d87c2ec1656a4b7a5484428
keytruda,BioPharma,125514,https://www.accessdata.fda.gov/scripts/cder/daf/index.cfm?event=overview.process&ApplNo=125514,https://www.accessdata.fda.gov/drugsatfda_docs/label/2023/125514s135lbl.pdf,Label (PDF),data/fda_dossiers/keytruda/060_125514s135lbl.pdf,downloaded,10405088,82e05779d07a3781a00926a236d18645e00a85c4d9cd9110d3d9eb3b99e320c9
keytruda,BioPharma,125514,https://www.accessdata.fda.gov/scripts/cder/daf/index.cfm?event=overview.process&ApplNo=125514,https://www.accessdata.fda.gov/drugsatfda_docs/appletter/2023/125514Orig1s135ltr.pdf,Letter (PDF),data/fda_dossiers/keytruda/061_125514orig1s135ltr.pdf,downloaded,245807,049f3538a0821b7b50d1d17fcc0be7c79a6e4c11379a47e17a901506233aeeb5
keytruda,BioPharma,125514,https://www.accessdata.fda.gov/scripts/cder/daf/index.cfm?event=overview.process&ApplNo=125514,https://www.accessdata.fda.gov/drugsatfda_docs/label/2023/125514s134lbl.pdf,Label (PDF),data/fda_dossiers/keytruda/062_125514s134lbl.pdf,downloaded,10405129,d73655844c2a92496e2eec02d60339a1b7224da3c93ff2cdd98e43e6c3c24246
keytruda,BioPharma,125514,https://www.accessdata.fda.gov/scripts/cder/daf/index.cfm?event=overview.process&ApplNo=125514,https://www.accessdata.fda.gov/drugsatfda_docs/appletter/2023/125514Orig1s134ltr.pdf,Letter (PDF),data/fda_dossiers/keytruda/063_125514orig1s134ltr.pdf,downloaded,246336,aceb59224f5ea0a375746c51c5adfae5dabfe8e46cf446415d1501e789e85365
keytruda,BioPharma,125514,https://www.accessdata.fda.gov/scripts/cder/daf/index.cfm?event=overview.process&ApplNo=125514,https://www.accessdata.fda.gov/drugsatfda_docs/label/2022/125514s133lbl.pdf,Label (PDF),data/fda_dossiers/keytruda/064_125514s133lbl.pdf,downloaded,10301415,9f75c729d93f47065579ae4d6dd07d4228546861eab49025c9cad49e019636d5
keytruda,BioPharma,125514,https://www.accessdata.fda.gov/scripts/cder/daf/index.cfm?event=overview.process&ApplNo=125514,https://www.accessdata.fda.gov/drugsatfda_docs/appletter/2022/125514Orig1s133ltr.pdf,Letter (PDF),data/fda_dossiers/keytruda/065_125514orig1s133ltr.pdf,downloaded,229689,443664297da3e76c077fdebdc445ed03be5899c71cc7ca7beb978785e6dfc42d
keytruda,BioPharma,125514,https://www.accessdata.fda.gov/scripts/cder/daf/index.cfm?event=overview.process&ApplNo=125514,https://www.accessdata.fda.gov/drugsatfda_docs/label/2023/125514s132lbl.pdf,Label (PDF),data/fda_dossiers/keytruda/066_125514s132lbl.pdf,downloaded,9226121,0c80ec638b117bc726a15762e520c6759853e955b2445d8aa043466d0615b2f4
keytruda,BioPharma,125514,https://www.accessdata.fda.gov/scripts/cder/daf/index.cfm?event=overview.process&ApplNo=125514,https://www.accessdata.fda.gov/drugsatfda_docs/appletter/2023/125514Orig1s132ltr.pdf,Letter (PDF),data/fda_dossiers/keytruda/067_125514orig1s132ltr.pdf,downloaded,216186,4e17ea8b4a460e2adbf5e884976274b594079eefeb15d999a66fe5d07e017bef
keytruda,BioPharma,125514,https://www.accessdata.fda.gov/scripts/cder/daf/index.cfm?event=overview.process&ApplNo=125514,https://www.accessdata.fda.gov/drugsatfda_docs/label/2022/125514s131lbl.pdf,Label (PDF),data/fda_dossiers/keytruda/068_125514s131lbl.pdf,downloaded,8384024,46878ebc5fb2e0af6de51eb813a2fee367fd346a2ac4871c9326a17735e6b469
keytruda,BioPharma,125514,https://www.accessdata.fda.gov/scripts/cder/daf/index.cfm?event=overview.process&ApplNo=125514,https://www.accessdata.fda.gov/drugsatfda_docs/appletter/2022/125514Orig1s131ltr.pdf,Letter (PDF),data/fda_dossiers/keytruda/069_125514orig1s131ltr.pdf,downloaded,216957,f292c01dcf8b84768ebcc64588a1e7e252efc39139d95c93f58abedca2034aae
keytruda,BioPharma,125514,https://www.accessdata.fda.gov/scripts/cder/daf/index.cfm?event=overview.process&ApplNo=125514,https://www.accessdata.fda.gov/drugsatfda_docs/label/2023/125514s128lbl.pdf,Label (PDF),data/fda_dossiers/keytruda/070_125514s128lbl.pdf,downloaded,10636969,da922990cc9ab1f303f82ccbb565ffdbd61173c467f1ede33827aad35c627d28
keytruda,BioPharma,125514,https://www.accessdata.fda.gov/scripts/cder/daf/index.cfm?event=overview.process&ApplNo=125514,https://www.accessdata.fda.gov/drugsatfda_docs/appletter/2023/125514Orig1s128ltr.pdf,Letter (PDF),data/fda_dossiers/keytruda/071_125514orig1s128ltr.pdf,downloaded,261199,b820b095a4599a884e8c7a9b70e0959c665f04e6f7fd2fad72a8f379a5353f09
keytruda,BioPharma,125514,https://www.accessdata.fda.gov/scripts/cder/daf/index.cfm?event=overview.process&ApplNo=125514,https://www.accessdata.fda.gov/drugsatfda_docs/label/2022/125514s127lbl.pdf,Label (PDF),data/fda_dossiers/keytruda/072_125514s127lbl.pdf,downloaded,9939590,66fd85144136dfe00c5ad113179a7c314979cb6bdba5ee07dcb8f835d371cfa1
keytruda,BioPharma,125514,https://www.accessdata.fda.gov/scripts/cder/daf/index.cfm?event=overview.process&ApplNo=125514,https://www.accessdata.fda.gov/drugsatfda_docs/appletter/2022/125514Orig1s127ltr.pdf,Letter (PDF),data/fda_dossiers/keytruda/073_125514orig1s127ltr.pdf,downloaded,933228,57b30ff4a7238bdd541dee9abd529baede69490e8924ece860489b28332b46d7
keytruda,BioPharma,125514,https://www.accessdata.fda.gov/scripts/cder/daf/index.cfm?event=overview.process&ApplNo=125514,https://www.accessdata.fda.gov/drugsatfda_docs/label/2022/125514s125lbl.pdf,Label (PDF),data/fda_dossiers/keytruda/074_125514s125lbl.pdf,downloaded,8670971,88678d2a3946c5945129af787bb99f7390dd7e9610d6ba400d541c7896772ef1
keytruda,BioPharma,125514,https://www.accessdata.fda.gov/scripts/cder/daf/index.cfm?event=overview.process&ApplNo=125514,https://www.accessdata.fda.gov/drugsatfda_docs/appletter/2022/125514Orig1s125ltr.pdf,Letter (PDF),data/fda_dossiers/keytruda/075_125514orig1s125ltr.pdf,downloaded,347106,2fd496dc8f2d49c88e1517731449ed28aa95fa81f1a69aba9f5673ec6b50f2c2
eliquis,Pfizer/BMS,202155,https://www.accessdata.fda.gov/scripts/cder/daf/index.cfm?event=overview.process&ApplNo=202155,https://www.accessdata.fda.gov/drugsatfda_docs/label/2012/202155s000lbl.pdf,Label (PDF),data/fda_dossiers/eliquis/001_202155s000lbl.pdf,downloaded,853825,1a89dd829aa45b14b14c2c6e2d77d302ba621c221d1cb6eeb794fe066e7f6793
eliquis,Pfizer/BMS,202155,https://www.accessdata.fda.gov/scripts/cder/daf/index.cfm?event=overview.process&ApplNo=202155,https://www.accessdata.fda.gov/drugsatfda_docs/appletter/2012/202155Orig1s000ltr.pdf,Letter (PDF),data/fda_dossiers/eliquis/002_202155orig1s000ltr.pdf,downloaded,93662,f865fec50b4a9a4d2267f85e5b1d949e6b3669618910552d2640f14883e0c011
eliquis,Pfizer/BMS,202155,https://www.accessdata.fda.gov/scripts/cder/daf/index.cfm?event=overview.process&ApplNo=202155,"https://www.accessdata.fda.gov/drugsatfda_docs/label/2025/202155Orig1s039,s040lbl.pdf",Label (PDF),data/fda_dossiers/eliquis/003_202155orig1s039_s040lbl.pdf,downloaded,4165841,f4ab05833bf929f7858cf81b04bc4e21df4d02d5e9ea6f752d829d1292f60e7e
eliquis,Pfizer/BMS,202155,https://www.accessdata.fda.gov/scripts/cder/daf/index.cfm?event=overview.process&ApplNo=202155,"https://www.accessdata.fda.gov/drugsatfda_docs/appletter/2025/202155Orig1s039, s040ltr.pdf",Letter (PDF),data/fda_dossiers/eliquis/004_202155orig1s039_s040ltr.pdf,downloaded,452860,a4dc8c9cbb128e3a4571365c85cb145f628c6f2b941cd7d40037b345029f64a2
eliquis,Pfizer/BMS,202155,https://www.accessdata.fda.gov/scripts/cder/daf/index.cfm?event=overview.process&ApplNo=202155,https://www.accessdata.fda.gov/drugsatfda_docs/label/2021/202155s034lbl.pdf,Label (PDF),data/fda_dossiers/eliquis/005_202155s034lbl.pdf,downloaded,2392999,df2dd7f3827a5930a6018556151399846a3606f2a7c0dfb8df8a3f52f2286b1c
eliquis,Pfizer/BMS,202155,https://www.accessdata.fda.gov/scripts/cder/daf/index.cfm?event=overview.process&ApplNo=202155,https://www.accessdata.fda.gov/drugsatfda_docs/appletter/2021/202155Orig1s034ltr.pdf,Letter (PDF),data/fda_dossiers/eliquis/006_202155orig1s034ltr.pdf,downloaded,2978538,3ece08a57df4c9822c35d2371c8766477ab644542502d56068eb46810efb693e
eliquis,Pfizer/BMS,202155,https://www.accessdata.fda.gov/scripts/cder/daf/index.cfm?event=overview.process&ApplNo=202155,https://www.accessdata.fda.gov/drugsatfda_docs/label/2021/202155s032lbl.pdf,Label (PDF),data/fda_dossiers/eliquis/007_202155s032lbl.pdf,downloaded,2390494,d8e5144031a1f1211ec91e8028891b073b67c7188c0b23c0226353207faf5df0
eliquis,Pfizer/BMS,202155,https://www.accessdata.fda.gov/scripts/cder/daf/index.cfm?event=overview.process&ApplNo=202155,https://www.accessdata.fda.gov/drugsatfda_docs/appletter/2021/202155Orig1s032ltr.pdf,Letter (PDF),data/fda_dossiers/eliquis/008_202155orig1s032ltr.pdf,downloaded,785028,c7c6b4dff49119c0d59d57c1e40da2dadb316ee216abac1834764b43e55d5f92
eliquis,Pfizer/BMS,202155,https://www.accessdata.fda.gov/scripts/cder/daf/index.cfm?event=overview.process&ApplNo=202155,https://www.accessdata.fda.gov/drugsatfda_docs/label/2019/202155s024lbl.pdf,Label (PDF),data/fda_dossiers/eliquis/009_202155s024lbl.pdf,downloaded,2360865,8d0b1b308449dcc86c9377c43ab3626edfc93ccc41b93f05a895cfb7c6ebbe1c
eliquis,Pfizer/BMS,202155,https://www.accessdata.fda.gov/scripts/cder/daf/index.cfm?event=overview.process&ApplNo=202155,https://www.accessdata.fda.gov/drugsatfda_docs/appletter/2019/202155Orig1s024ltr.pdf,Letter (PDF),data/fda_dossiers/eliquis/010_202155orig1s024ltr.pdf,downloaded,98671,35c6d1595f824b4882fa46a649130f5bd61487554c111aae9282090d00e92bdb
eliquis,Pfizer/BMS,202155,https://www.accessdata.fda.gov/scripts/cder/daf/index.cfm?event=overview.process&ApplNo=202155,https://www.accessdata.fda.gov/drugsatfda_docs/label/2019/202155s021lbl.pdf,Label (PDF),data/fda_dossiers/eliquis/011_202155s021lbl.pdf,downloaded,1951962,34b0b6f53d53baa93b8825b7e4b5cb54151fcb703b4d5dd81d7a10cc7acff29d
eliquis,Pfizer/BMS,202155,https://www.accessdata.fda.gov/scripts/cder/daf/index.cfm?event=overview.process&ApplNo=202155,https://www.accessdata.fda.gov/drugsatfda_docs/appletter/2019/202155Orig1s021ltr.pdf,Letter (PDF),data/fda_dossiers/eliquis/012_202155orig1s021ltr.pdf,downloaded,77939,1260a4fa0e75c517c0b50d872a3511437f8ef66898df3e45bd2e31a17967d1cd
eliquis,Pfizer/BMS,202155,https://www.accessdata.fda.gov/scripts/cder/daf/index.cfm?event=overview.process&ApplNo=202155,https://www.accessdata.fda.gov/drugsatfda_docs/label/2018/202155s020lbl.pdf,Label (PDF),data/fda_dossiers/eliquis/013_202155s020lbl.pdf,downloaded,1622712,d6f4dcee48c6286b2a2257273e656cc9ed22184c9cb296a0914aa440824bc15a
eliquis,Pfizer/BMS,202155,https://www.accessdata.fda.gov/scripts/cder/daf/index.cfm?event=overview.process&ApplNo=202155,https://www.accessdata.fda.gov/drugsatfda_docs/appletter/2018/202155Orig1s020ltr.pdf,Letter (PDF),data/fda_dossiers/eliquis/014_202155orig1s020ltr.pdf,downloaded,30600,900974397a901cf2e17718bdb75706aca449432986dd55c913469dcf77027444
eliquis,Pfizer/BMS,202155,https://www.accessdata.fda.gov/scripts/cder/daf/index.cfm?event=overview.process&ApplNo=202155,https://www.accessdata.fda.gov/drugsatfda_docs/label/2018/202155s018lbl.pdf,Label (PDF),data/fda_dossiers/eliquis/015_202155s018lbl.pdf,downloaded,1844845,f7038ee599d75d53b02f2641a643d7b67a28ee7783b820d0e2ea9b25eb97de77
eliquis,Pfizer/BMS,202155,https://www.accessdata.fda.gov/scripts/cder/daf/index.cfm?event=overview.process&ApplNo=202155,https://www.accessdata.fda.gov/drugsatfda_docs/appletter/2018/202155Orig1s018ltr.pdf,Letter (PDF),data/fda_dossiers/eliquis/016_202155orig1s018ltr.pdf,downloaded,25580,2c1272b7fadcb47ed4b115d291f035abd953092402717a212eb3fcd1555f8bc7
eliquis,Pfizer/BMS,202155,https://www.accessdata.fda.gov/scripts/cder/daf/index.cfm?event=overview.process&ApplNo=202155,https://www.accessdata.fda.gov/drugsatfda_docs/label/2017/202155s017lbl.pdf,Label (PDF),data/fda_dossiers/eliquis/017_202155s017lbl.pdf,downloaded,1909534,6f2aaedadc40f01eb5518c49fccc2d874262666ec91f239b932896e17abdc9de
eliquis,Pfizer/BMS,202155,https://www.accessdata.fda.gov/scripts/cder/daf/index.cfm?event=overview.process&ApplNo=202155,https://www.accessdata.fda.gov/drugsatfda_docs/appletter/2017/202155Orig1s017ltr.pdf,Letter (PDF),data/fda_dossiers/eliquis/018_202155orig1s017ltr.pdf,downloaded,28471,5b712ce83e1764fdeb4b043e44f86578e8c84235f4d85717a54a177ca6393f0c
eliquis,Pfizer/BMS,202155,https://www.accessdata.fda.gov/scripts/cder/daf/index.cfm?event=overview.process&ApplNo=202155,https://www.accessdata.fda.gov/drugsatfda_docs/appletter/2016/202155Orig1s014ltr.pdf,Letter (PDF),data/fda_dossiers/eliquis/019_202155orig1s014ltr.pdf,downloaded,132245,70aaf42a6ebe602da8adf4662c3b17dec49867e3e899dc1d887ac519c3627555
eliquis,Pfizer/BMS,202155,https://www.accessdata.fda.gov/scripts/cder/daf/index.cfm?event=overview.process&ApplNo=202155,https://www.accessdata.fda.gov/drugsatfda_docs/nda/2016/202155Orig1s013.pdf,Review (PDF),data/fda_dossiers/eliquis/020_202155orig1s013.pdf,downloaded,2590634,f74515266e4e87aeda9ae9ead4f331ab1e644b10458614f823f679ff94c7cc70
eliquis,Pfizer/BMS,202155,https://www.accessdata.fda.gov/scripts/cder/daf/index.cfm?event=overview.process&ApplNo=202155,https://www.accessdata.fda.gov/drugsatfda_docs/label/2016/202155s012lbl.pdf,Label (PDF),data/fda_dossiers/eliquis/021_202155s012lbl.pdf,downloaded,1821354,09404a8ea2a0e915f9dbdc71e1d6b9ba43bedec262548b7331a12badf82c1e5f
eliquis,Pfizer/BMS,202155,https://www.accessdata.fda.gov/scripts/cder/daf/index.cfm?event=overview.process&ApplNo=202155,https://www.accessdata.fda.gov/drugsatfda_docs/appletter/2016/202155Orig1s012ltr.pdf,Letter (PDF),data/fda_dossiers/eliquis/022_202155orig1s012ltr.pdf,downloaded,97981,cb36312bac61a1b39148490e80ba2e78922925d3d59869689de4d7e21c64fce4
eliquis,Pfizer/BMS,202155,https://www.accessdata.fda.gov/scripts/cder/daf/index.cfm?event=overview.process&ApplNo=202155,https://www.accessdata.fda.gov/drugsatfda_docs/label/2015/202155s011lbl.pdf,Label (PDF),data/fda_dossiers/eliquis/023_202155s011lbl.pdf,downloaded,1262514,b05ccd18d1bc5af3690b236e5e5f7c60d436157832af319013cd5f2aad24a197
eliquis,Pfizer/BMS,202155,https://www.accessdata.fda.gov/scripts/cder/daf/index.cfm?event=overview.process&ApplNo=202155,https://www.accessdata.fda.gov/drugsatfda_docs/appletter/2015/202155Orig1s011ltr.pdf,Letter (PDF),data/fda_dossiers/eliquis/024_202155orig1s011ltr.pdf,downloaded,210474,d84791a299de58683aca91dfd296c8ed8f0c74abc8e21a579ed78168a1641054
eliquis,Pfizer/BMS,202155,https://www.accessdata.fda.gov/scripts/cder/daf/index.cfm?event=overview.process&ApplNo=202155,https://www.accessdata.fda.gov/drugsatfda_docs/label/2015/202155s010lbl.pdf,Label (PDF),data/fda_dossiers/eliquis/025_202155s010lbl.pdf,downloaded,1757421,2eaff3f19db604baac0cf793d32c2bb17586ba321a15bd22ec5206dc0ac3edf0
eliquis,Pfizer/BMS,202155,https://www.accessdata.fda.gov/scripts/cder/daf/index.cfm?event=overview.process&ApplNo=202155,https://www.accessdata.fda.gov/drugsatfda_docs/appletter/2015/202155Orig1s010ltr.pdf,Letter (PDF),data/fda_dossiers/eliquis/026_202155orig1s010ltr.pdf,downloaded,47280,114264af6ea3b4a0f860eda857a66756a7de8ce0445e0e14fd6586e484ff701f
eliquis,Pfizer/BMS,202155,https://www.accessdata.fda.gov/scripts/cder/daf/index.cfm?event=overview.process&ApplNo=202155,https://www.accessdata.fda.gov/drugsatfda_docs/label/2014/202155s009lbl.pdf,Label (PDF),data/fda_dossiers/eliquis/027_202155s009lbl.pdf,downloaded,1887924,bf510b8a9a6511144d627547d1354002ee127c8e812cb102bedbd91c76586475
eliquis,Pfizer/BMS,202155,https://www.accessdata.fda.gov/scripts/cder/daf/index.cfm?event=overview.process&ApplNo=202155,https://www.accessdata.fda.gov/drugsatfda_docs/appletter/2014/202155Orig1s009ltr.pdf,Letter (PDF),data/fda_dossiers/eliquis/028_202155orig1s009ltr.pdf,downloaded,93450,9577359508a7a853c62b82edacf7bf3b726bcb55a031afa8900cead7ccacd44c
eliquis,Pfizer/BMS,202155,https://www.accessdata.fda.gov/scripts/cder/daf/index.cfm?event=overview.process&ApplNo=202155,https://www.accessdata.fda.gov/drugsatfda_docs/label/2014/202155s006lbl.pdf,Label (PDF),data/fda_dossiers/eliquis/029_202155s006lbl.pdf,downloaded,1984138,11859186f3326d39e707013d294ba6c9e94ba934221ffce0727ba557873f44b8
eliquis,Pfizer/BMS,202155,https://www.accessdata.fda.gov/scripts/cder/daf/index.cfm?event=overview.process&ApplNo=202155,https://www.accessdata.fda.gov/drugsatfda_docs/appletter/2014/202155Orig1s006ltr.pdf,Letter (PDF),data/fda_dossiers/eliquis/030_202155orig1s006ltr.pdf,downloaded,78759,4a10dd7b042c15d3366a87227c9476247c9f063ad990a3418c3e29ad4ad2a5d0
eliquis,Pfizer/BMS,202155,https://www.accessdata.fda.gov/scripts/cder/daf/index.cfm?event=overview.process&ApplNo=202155,https://www.accessdata.fda.gov/drugsatfda_docs/label/2013/202155Orig1s004lbl.pdf,Label (PDF),data/fda_dossiers/eliquis/031_202155orig1s004lbl.pdf,downloaded,2660308,02cab5630d9807f625426bc077f416bc11119eea4be38e7264a8d38c13f11fe6
eliquis,Pfizer/BMS,202155,https://www.accessdata.fda.gov/scripts/cder/daf/index.cfm?event=overview.process&ApplNo=202155,https://www.accessdata.fda.gov/drugsatfda_docs/appletter/2013/202155Orig1s004ltr.pdf,Letter (PDF),data/fda_dossiers/eliquis/032_202155orig1s004ltr.pdf,downloaded,41684,5824303910760773d433ed97053bdbdff44219a048ce707a88a1255d44c79d9b
eliquis,Pfizer/BMS,202155,https://www.accessdata.fda.gov/scripts/cder/daf/index.cfm?event=overview.process&ApplNo=202155,https://www.accessdata.fda.gov/drugsatfda_docs/label/2014/202155s003lbl.pdf,Label (PDF),data/fda_dossiers/eliquis/033_202155s003lbl.pdf,downloaded,1922183,9fcd184a0179497c91b3d06acad80769bcad5259a299889fb792b4af20f82873
eliquis,Pfizer/BMS,202155,https://www.accessdata.fda.gov/scripts/cder/daf/index.cfm?event=overview.process&ApplNo=202155,https://www.accessdata.fda.gov/drugsatfda_docs/appletter/2014/202155Orig1s003ltr.pdf,Letter (PDF),data/fda_dossiers/eliquis/034_202155orig1s003ltr.pdf,downloaded,86593,3a0f0c9e3d1afc0758c03264250dbcaa1639ce9f9ca7f3d121c42b3c5e1c8890
eliquis,Pfizer/BMS,202155,https://www.accessdata.fda.gov/scripts/cder/daf/index.cfm?event=overview.process&ApplNo=202155,https://www.accessdata.fda.gov/drugsatfda_docs/label/2014/202155s002lbl.pdf,Label (PDF),data/fda_dossiers/eliquis/035_202155s002lbl.pdf,downloaded,824840,4837668a6295620976129f18fef8803859137ec83313bfbdc12b5500cbb7dfe2
eliquis,Pfizer/BMS,202155,https://www.accessdata.fda.gov/scripts/cder/daf/index.cfm?event=overview.process&ApplNo=202155,https://www.accessdata.fda.gov/drugsatfda_docs/appletter/2014/202155Orig1s002ltr.pdf,Letter (PDF),data/fda_dossiers/eliquis/036_202155orig1s002ltr.pdf,downloaded,101310,fd7c3247915ee6eb2568a78f31ba1ba435c6c043792c19ebbdc49287eb95aba9
humira,AbbVie,125057,https://www.accessdata.fda.gov/scripts/cder/daf/index.cfm?event=overview.process&ApplNo=125057,http://www.accessdata.fda.gov/drugsatfda_docs/nda/2015/125057Orig1s394SumR.pdf,Summary Review,data/fda_dossiers/humira/001_125057orig1s394sumr.pdf,downloaded,1176240,3bc96469bec42b0fc9a6b8e75b00ee24749e71b017b96e9f63fa57cca0b1c001
humira,AbbVie,125057,https://www.accessdata.fda.gov/scripts/cder/daf/index.cfm?event=overview.process&ApplNo=125057,https://www.accessdata.fda.gov/drugsatfda_docs/label/2025/125057s425lbl.pdf,Label (PDF),data/fda_dossiers/humira/002_125057s425lbl.pdf,downloaded,3175173,748004e2e9130d71e21f1a58136a479bb924304efacf0b632e7ecf843ab2de87
humira,AbbVie,125057,https://www.accessdata.fda.gov/scripts/cder/daf/index.cfm?event=overview.process&ApplNo=125057,https://www.accessdata.fda.gov/drugsatfda_docs/appletter/2025/125057Orig1s425ltr.pdf,Letter (PDF),data/fda_dossiers/humira/003_125057orig1s425ltr.pdf,downloaded,330446,f46bef578426db97c89bf11ee98a0422d40290c75c9c0800ee04059b3efb3d08
humira,AbbVie,125057,https://www.accessdata.fda.gov/scripts/cder/daf/index.cfm?event=overview.process&ApplNo=125057,https://www.accessdata.fda.gov/drugsatfda_docs/label/2025/125057s424lbl.pdf,Label (PDF),data/fda_dossiers/humira/004_125057s424lbl.pdf,downloaded,4257543,08d89aac247794e1a08eadb2c3de194cca14dbb3ee0fae406d7306415a5d4c46
humira,AbbVie,125057,https://www.accessdata.fda.gov/scripts/cder/daf/index.cfm?event=overview.process&ApplNo=125057,https://www.accessdata.fda.gov/drugsatfda_docs/appletter/2025/125057Orig1s424ltr.pdf,Letter (PDF),data/fda_dossiers/humira/005_125057orig1s424ltr.pdf,downloaded,327746,1cdb257aa7ac4125620539a6b62954e1d417f1f9dd61e49a9714c4029cf355f0
humira,AbbVie,125057,https://www.accessdata.fda.gov/scripts/cder/daf/index.cfm?event=overview.process&ApplNo=125057,https://www.accessdata.fda.gov/drugsatfda_docs/label/2023/125057s423lbl.pdf,Label (PDF),data/fda_dossiers/humira/006_125057s423lbl.pdf,downloaded,3470089,6857ca57a53d0075b093c852a97d956cfd0e7ecd12fdd340a776784d57986cf7
humira,AbbVie,125057,https://www.accessdata.fda.gov/scripts/cder/daf/index.cfm?event=overview.process&ApplNo=125057,https://www.accessdata.fda.gov/drugsatfda_docs/appletter/2023/125057Orig1s423ltr.pdf,Letter (PDF),data/fda_dossiers/humira/007_125057orig1s423ltr.pdf,downloaded,278524,5801304d6a810bf6ef8b0ae060800c083274980ed7f16f738282eed009402f55
humira,AbbVie,125057,https://www.accessdata.fda.gov/scripts/cder/daf/index.cfm?event=overview.process&ApplNo=125057,https://www.accessdata.fda.gov/drugsatfda_docs/label/2020/125057s418s419lbl.pdf,Label (PDF),data/fda_dossiers/humira/008_125057s418s419lbl.pdf,downloaded,1871324,374cb2b430f85311f54ee148bf0919ff7d56407d600441381656acbf12e7875b
humira,AbbVie,125057,https://www.accessdata.fda.gov/scripts/cder/daf/index.cfm?event=overview.process&ApplNo=125057,"https://www.accessdata.fda.gov/drugsatfda_docs/appletter/2020/125057Orig1s418, s419ltr.pdf",Letter (PDF),data/fda_dossiers/humira/009_125057orig1s418_s419ltr.pdf,downloaded,279049,0d2770b1176f4e56a84ed7fe7f10d7b24a770d733299aacb04f38c8c226f6919
humira,AbbVie,125057,https://www.accessdata.fda.gov/scripts/cder/daf/index.cfm?event=overview.process&ApplNo=125057,https://www.accessdata.fda.gov/drugsatfda_docs/label/2021/125057s417lbl.pdf,Label (PDF),data/fda_dossiers/humira/010_125057s417lbl.pdf,downloaded,5610525,8cf65e8b18f0212cfb01432eae9ca513b86d9c650a1e17b6e90749b988ece564
humira,AbbVie,125057,https://www.accessdata.fda.gov/scripts/cder/daf/index.cfm?event=overview.process&ApplNo=125057,https://www.accessdata.fda.gov/drugsatfda_docs/appletter/2021/125057Orig1s417ltr.pdf,Letter (PDF),data/fda_dossiers/humira/011_125057orig1s417ltr.pdf,downloaded,109819,892d05d23be9a8cbfc3cbfe31fdb162280d0572b736c6aa7f384f0563ab114c6
humira,AbbVie,125057,https://www.accessdata.fda.gov/scripts/cder/daf/index.cfm?event=overview.process&ApplNo=125057,https://www.accessdata.fda.gov/drugsatfda_docs/label/2020/125057s415lbl.pdf,Label (PDF),data/fda_dossiers/humira/012_125057s415lbl.pdf,downloaded,3201240,75c54b9275e4d7fc3f3ac73f0ae8b67b06cd2a2897572a10d5252f176fbd3781
humira,AbbVie,125057,https://www.accessdata.fda.gov/scripts/cder/daf/index.cfm?event=overview.process&ApplNo=125057,https://www.accessdata.fda.gov/drugsatfda_docs/appletter/2020/125057Orig1s415ltr.pdf,Letter (PDF),data/fda_dossiers/humira/013_125057orig1s415ltr.pdf,downloaded,87520,c1d81cb7909b0ac106eb1f7a9e973841f7e6d0f91617aadf520428057349c2c8
humira,AbbVie,125057,https://www.accessdata.fda.gov/scripts/cder/daf/index.cfm?event=overview.process&ApplNo=125057,https://www.accessdata.fda.gov/drugsatfda_docs/label/2019/125057Orig1s411lbl.pdf,Label (PDF),data/fda_dossiers/humira/014_125057orig1s411lbl.pdf,downloaded,23534173,c93513bcb0532a10ab093b0c1211dc09b1ee3716c79b78089bfa09447a0beb44
humira,AbbVie,125057,https://www.accessdata.fda.gov/scripts/cder/daf/index.cfm?event=overview.process&ApplNo=125057,https://www.accessdata.fda.gov/drugsatfda_docs/appletter/2019/125057Orig1s411ltr.pdf,Letter (PDF),data/fda_dossiers/humira/015_125057orig1s411ltr.pdf,downloaded,34020,73c387087913f1617b442c3b191f32277a5a84c6bbf9735759aa2887d8f64d89
humira,AbbVie,125057,https://www.accessdata.fda.gov/scripts/cder/daf/index.cfm?event=overview.process&ApplNo=125057,https://www.accessdata.fda.gov/drugsatfda_docs/label/2018/125057s410lbl.pdf,Label (PDF),data/fda_dossiers/humira/016_125057s410lbl.pdf,downloaded,1392594,4a3c09817809361665f0748e0c6c43dd855e3b7ee288a8740ce763042796e3f8
humira,AbbVie,125057,https://www.accessdata.fda.gov/scripts/cder/daf/index.cfm?event=overview.process&ApplNo=125057,https://www.accessdata.fda.gov/drugsatfda_docs/appletter/2018/125057s410ltr.pdf,Letter (PDF),data/fda_dossiers/humira/017_125057s410ltr.pdf,downloaded,27379,1486356ef729bda2edb079b86438e29011af88422ebad86cd166f4aca5ea9ad7
humira,AbbVie,125057,https://www.accessdata.fda.gov/scripts/cder/daf/index.cfm?event=overview.process&ApplNo=125057,https://www.accessdata.fda.gov/drugsatfda_docs/label/2018/125057s409lbl.pdf,Label (PDF),data/fda_dossiers/humira/018_125057s409lbl.pdf,downloaded,4859532,a24dbf37839a4f483041f3991b2e17f266925badbcc8bdce110ef8bd5a86816f
humira,AbbVie,125057,https://www.accessdata.fda.gov/scripts/cder/daf/index.cfm?event=overview.process&ApplNo=125057,https://www.accessdata.fda.gov/drugsatfda_docs/appletter/2018/125057Orig1s409ltr.pdf,Letter (PDF),data/fda_dossiers/humira/019_125057orig1s409ltr.pdf,downloaded,213793,59ed2fd61e23aa76a412e023f001d2da9d8db3207087317429343882bc9b4c70
humira,AbbVie,125057,https://www.accessdata.fda.gov/scripts/cder/daf/index.cfm?event=overview.process&ApplNo=125057,https://www.accessdata.fda.gov/drugsatfda_docs/label/2018/125057s408lbl.pdf,Label (PDF),data/fda_dossiers/humira/020_125057s408lbl.pdf,downloaded,3573763,ee0a434e3519d7a9cf9c8fbc66c7c867fd01d4a7f6c5817693a0c96c1dcbe19b
humira,AbbVie,125057,https://www.accessdata.fda.gov/scripts/cder/daf/index.cfm?event=overview.process&ApplNo=125057,https://www.accessdata.fda.gov/drugsatfda_docs/appletter/2018/125057Orig1s408ltr.pdf,Letter (PDF),data/fda_dossiers/humira/021_125057orig1s408ltr.pdf,downloaded,17170,fe7b0315bf14ff0f6b368118b01b722419c53bf111ca6300421e964a35f7ec67
humira,AbbVie,125057,https://www.accessdata.fda.gov/scripts/cder/daf/index.cfm?event=overview.process&ApplNo=125057,https://www.accessdata.fda.gov/drugsatfda_docs/label/2018/125057s406lbl.pdf,Label (PDF),data/fda_dossiers/humira/022_125057s406lbl.pdf,downloaded,1385070,2f45bf68ded4a09cbd255288889ee3161689ef0dcf133507d7b31b86a0ae3b9a
humira,AbbVie,125057,https://www.accessdata.fda.gov/scripts/cder/daf/index.cfm?event=overview.process&ApplNo=125057,https://www.accessdata.fda.gov/drugsatfda_docs/appletter/2018/125057Orig1s406ltr.pdf,Letter (PDF),data/fda_dossiers/humira/023_125057orig1s406ltr.pdf,downloaded,31495,f251f36b4e52c924f137279bdd95166e90995c2c102f050ea28dac2c7e2961b1
humira,AbbVie,125057,https://www.accessdata.fda.gov/scripts/cder/daf/index.cfm?event=overview.process&ApplNo=125057,https://www.accessdata.fda.gov/drugsatfda_docs/label/2017/125057s403lbl.pdf,Label (PDF),data/fda_dossiers/humira/024_125057s403lbl.pdf,downloaded,5356680,ddd233911e33124b002800b3eb6a12f51e517b611bcbb2c33c91163ec8ca3e44
humira,AbbVie,125057,https://www.accessdata.fda.gov/scripts/cder/daf/index.cfm?event=overview.process&ApplNo=125057,https://www.accessdata.fda.gov/drugsatfda_docs/appletter/2017/125057Orig1s403ltr.pdf,Letter (PDF),data/fda_dossiers/humira/025_125057orig1s403ltr.pdf,downloaded,91818,f65675ce37eb8e5b24c509098e00c11375968f0422e5e64f4cf37de0b9363d22
humira,AbbVie,125057,https://www.accessdata.fda.gov/scripts/cder/daf/index.cfm?event=overview.process&ApplNo=125057,https://www.accessdata.fda.gov/drugsatfda_docs/label/2017/125057s402lbl.pdf,Label (PDF),data/fda_dossiers/humira/026_125057s402lbl.pdf,downloaded,3054295,ab6e0b25162e45faadd64f2a218635c8699a41bad03d0b991628b9d5b520f1d0
humira,AbbVie,125057,https://www.accessdata.fda.gov/scripts/cder/daf/index.cfm?event=overview.process&ApplNo=125057,https://www.accessdata.fda.gov/drugsatfda_docs/appletter/2017/125057Orig1s402ltr.pdf,Letter (PDF),data/fda_dossiers/humira/027_125057orig1s402ltr.pdf,downloaded,324484,69fe0c7791a76bb6a99de78cb2287f03a3578890a29d841a9375a16dbb2a5861
humira,AbbVie,125057,https://www.accessdata.fda.gov/scripts/cder/daf/index.cfm?event=overview.process&ApplNo=125057,https://www.accessdata.fda.gov/drugsatfda_docs/label/2017/125057s401lbl.pdf,Label (PDF),data/fda_dossiers/humira/028_125057s401lbl.pdf,downloaded,1608906,3ef5883edfcfb6d0a122850e0626cffcf1b9a6d56562711441d910e9b569ee8f
humira,AbbVie,125057,https://www.accessdata.fda.gov/scripts/cder/daf/index.cfm?event=overview.process&ApplNo=125057,https://www.accessdata.fda.gov/drugsatfda_docs/label/2016/125057s400lbl.pdf,Label (PDF),data/fda_dossiers/humira/029_125057s400lbl.pdf,downloaded,2936001,efd55186540eaeaf5597c1403ebcb79e856a34e5c657d97b288a8cf09763a3a0
humira,AbbVie,125057,https://www.accessdata.fda.gov/scripts/cder/daf/index.cfm?event=overview.process&ApplNo=125057,https://www.accessdata.fda.gov/drugsatfda_docs/label/2017/125057s399lbl.pdf,Label (PDF),data/fda_dossiers/humira/030_125057s399lbl.pdf,downloaded,4504931,f88bd935012413a2cde961e1713f3ec068ca70bc85530640950df15a6c29c538
humira,AbbVie,125057,https://www.accessdata.fda.gov/scripts/cder/daf/index.cfm?event=overview.process&ApplNo=125057,https://www.accessdata.fda.gov/drugsatfda_docs/appletter/2017/125057Orig1s399ltr.pdf,Letter (PDF),data/fda_dossiers/humira/031_125057orig1s399ltr.pdf,downloaded,29495,7035abc57fe2bdf832da7ed2793336f8c0d73162ef5f873d27f52758c140e0b7
humira,AbbVie,125057,https://www.accessdata.fda.gov/scripts/cder/daf/index.cfm?event=overview.process&ApplNo=125057,https://www.accessdata.fda.gov/drugsatfda_docs/label/2016/125057s397lbl.pdf,Label (PDF),data/fda_dossiers/humira/032_125057s397lbl.pdf,downloaded,4085230,d60f24cd2098fdeef8859cd49439eb100fbcc2271b3bf1025043da765bdbac0b
humira,AbbVie,125057,https://www.accessdata.fda.gov/scripts/cder/daf/index.cfm?event=overview.process&ApplNo=125057,https://www.accessdata.fda.gov/drugsatfda_docs/appletter/2016/125057Orig1s397ltr.pdf,Letter (PDF),data/fda_dossiers/humira/033_125057orig1s397ltr.pdf,downloaded,202714,789c081419e7c1cd5e090794ed4e1a28797738a351256e47b020b801d2297dd3
humira,AbbVie,125057,https://www.accessdata.fda.gov/scripts/cder/daf/index.cfm?event=overview.process&ApplNo=125057,https://www.accessdata.fda.gov/drugsatfda_docs/nda/2026/125057Orig1s397.pdf,Review (PDF),data/fda_dossiers/humira/034_125057orig1s397.pdf,downloaded,29451106,a269a201720b09f520edc259e17a491b95665e297fd37e1b07be0ea5cf83ef8e
humira,AbbVie,125057,https://www.accessdata.fda.gov/scripts/cder/daf/index.cfm?event=overview.process&ApplNo=125057,https://www.accessdata.fda.gov/drugsatfda_docs/label/2015/125057s394lbl.pdf,Label (PDF),data/fda_dossiers/humira/035_125057s394lbl.pdf,downloaded,2554641,193444b7fec2c192dfcb7f65b679bb6be01062ce04c44d83cde812d115fb85f8
humira,AbbVie,125057,https://www.accessdata.fda.gov/scripts/cder/daf/index.cfm?event=overview.process&ApplNo=125057,https://www.accessdata.fda.gov/drugsatfda_docs/appletter/2015/125057Orig1s394ltr.pdf,Letter (PDF),data/fda_dossiers/humira/036_125057orig1s394ltr.pdf,downloaded,236702,2f8412c04e1bd8ad04997d36b5af48c5553b93f19f1655265df1a150753ccda7
humira,AbbVie,125057,https://www.accessdata.fda.gov/scripts/cder/daf/index.cfm?event=overview.process&ApplNo=125057,https://www.accessdata.fda.gov/drugsatfda_docs/nda/2015/125057Orig1s394SumR.pdf,Summary Review (PDF),data/fda_dossiers/humira/037_125057orig1s394sumr.pdf,downloaded,1176240,3bc96469bec42b0fc9a6b8e75b00ee24749e71b017b96e9f63fa57cca0b1c001
humira,AbbVie,125057,https://www.accessdata.fda.gov/scripts/cder/daf/index.cfm?event=overview.process&ApplNo=125057,https://www.accessdata.fda.gov/drugsatfda_docs/appletter/2015/125057Orig1s393ltr.pdf,Letter (PDF),data/fda_dossiers/humira/038_125057orig1s393ltr.pdf,downloaded,91381,4ed15b9fafe2509b54477610459c8b2f54b531090a197ed1e4746ba292b1f305
humira,AbbVie,125057,https://www.accessdata.fda.gov/scripts/cder/daf/index.cfm?event=overview.process&ApplNo=125057,https://www.accessdata.fda.gov/drugsatfda_docs/nda/2019/125057Orig1s393.pdf,Review (PDF),data/fda_dossiers/humira/039_125057orig1s393.pdf,downloaded,41742438,445bceb3bc4d7f82b2136ecb1dac9dbaa66260e64254e45c44242b4cfc9439ea
humira,AbbVie,125057,https://www.accessdata.fda.gov/scripts/cder/daf/index.cfm?event=overview.process&ApplNo=125057,https://www.accessdata.fda.gov/drugsatfda_docs/bla/2014/125057Orig1s381.pdf,Review (PDF),data/fda_dossiers/humira/040_125057orig1s381.pdf,downloaded,3418783,30be18a050d8fd5bfb793e9fca5a13e1ff8454d2e3b26fc34ce98a72022c6ac1
humira,AbbVie,125057,https://www.accessdata.fda.gov/scripts/cder/daf/index.cfm?event=overview.process&ApplNo=125057,https://www.accessdata.fda.gov/drugsatfda_docs/label/2014/125057s368lbl.pdf,Label (PDF),data/fda_dossiers/humira/041_125057s368lbl.pdf,downloaded,1615887,a3ac0a786f4379186913a861603e41236aa380e60c59b04420d50bf4b0a6555d
humira,AbbVie,125057,https://www.accessdata.fda.gov/scripts/cder/daf/index.cfm?event=overview.process&ApplNo=125057,https://www.accessdata.fda.gov/drugsatfda_docs/appletter/2014/125057Orig1s368ltr.pdf,Letter (PDF),data/fda_dossiers/humira/042_125057orig1s368ltr.pdf,downloaded,64959,277387bee6f694aece9b61a8ed43d9fd734170d46a2701263d42cec79af1bbab
humira,AbbVie,125057,https://www.accessdata.fda.gov/scripts/cder/daf/index.cfm?event=overview.process&ApplNo=125057,https://www.accessdata.fda.gov/drugsatfda_docs/label/2014/125057s367lbl.pdf,Label (PDF),data/fda_dossiers/humira/043_125057s367lbl.pdf,downloaded,2942274,92e321530a2cce78f206fddf876efead627f66d297c8dd0643e2541ab52e4642
humira,AbbVie,125057,https://www.accessdata.fda.gov/scripts/cder/daf/index.cfm?event=overview.process&ApplNo=125057,https://www.accessdata.fda.gov/drugsatfda_docs/appletter/2014/125057Orig1s367ltr.pdf,Letter (PDF),data/fda_dossiers/humira/044_125057orig1s367ltr.pdf,downloaded,80246,71c0533a323a0d6477ab18d567f5915b9d171a3e05e455a67033d38f9560c376
humira,AbbVie,125057,https://www.accessdata.fda.gov/scripts/cder/daf/index.cfm?event=overview.process&ApplNo=125057,https://www.accessdata.fda.gov/drugsatfda_docs/label/2014/125057s366lbl.pdf,Label (PDF),data/fda_dossiers/humira/045_125057s366lbl.pdf,downloaded,3463938,5a8e433e285d2969386ecd66327f94fade2cb0ef4589763e2cb3b31c88186ba8
humira,AbbVie,125057,https://www.accessdata.fda.gov/scripts/cder/daf/index.cfm?event=overview.process&ApplNo=125057,https://www.accessdata.fda.gov/drugsatfda_docs/appletter/2014/125057Orig1s366ltr.pdf,Letter (PDF),data/fda_dossiers/humira/046_125057orig1s366ltr.pdf,downloaded,64768,79f87aaa63fd3ea27ff964550a85a84527cc54efc150a355ff993cc61b5d7927
humira,AbbVie,125057,https://www.accessdata.fda.gov/scripts/cder/daf/index.cfm?event=overview.process&ApplNo=125057,https://www.accessdata.fda.gov/drugsatfda_docs/label/2014/125057s356lbl.pdf,Label (PDF),data/fda_dossiers/humira/047_125057s356lbl.pdf,downloaded,3975426,78e28e5c15aae0509e36e5e24cf34ae9890abf0fb55b37b8dc7ceb18381b691b
humira,AbbVie,125057,https://www.accessdata.fda.gov/scripts/cder/daf/index.cfm?event=overview.process&ApplNo=125057,https://www.accessdata.fda.gov/drugsatfda_docs/appletter/2014/125057Orig1s356ltr.pdf,Letter (PDF),data/fda_dossiers/humira/048_125057orig1s356ltr.pdf,downloaded,76473,05308755216f8337e569ce2c39495b7be865f69cd240ef91cd656181cd2e828f
humira,AbbVie,125057,https://www.accessdata.fda.gov/scripts/cder/daf/index.cfm?event=overview.process&ApplNo=125057,https://www.accessdata.fda.gov/drugsatfda_docs/nda/2021/125057Orig1s356.pdf,Review (PDF),data/fda_dossiers/humira/049_125057orig1s356.pdf,downloaded,29623461,da0cbe369986ef5ad9d051d575d9c5a76e22635bebaf735f7abb2ae6a81ccc8b
humira,AbbVie,125057,https://www.accessdata.fda.gov/scripts/cder/daf/index.cfm?event=overview.process&ApplNo=125057,https://www.accessdata.fda.gov/drugsatfda_docs/label/2014/125057Orig1s355lbl.pdf,Label (PDF),data/fda_dossiers/humira/050_125057orig1s355lbl.pdf,downloaded,1218811,68d80404f6fc509f8696b2a535837ae06887847ba61c6ed177a0175dd9cc64c0
humira,AbbVie,125057,https://www.accessdata.fda.gov/scripts/cder/daf/index.cfm?event=overview.process&ApplNo=125057,https://www.accessdata.fda.gov/drugsatfda_docs/appletter/2014/125057Orig1s355_replace_ltr.pdf,Letter (PDF),data/fda_dossiers/humira/051_125057orig1s355_replace_ltr.pdf,downloaded,56872,890a96c976ccd4678716aaa3b3a2c21060e20eb67f0121c96414b09bf0adcdfe
humira,AbbVie,125057,https://www.accessdata.fda.gov/scripts/cder/daf/index.cfm?event=overview.process&ApplNo=125057,https://www.accessdata.fda.gov/drugsatfda_docs/label/2013/125057s327lbl.pdf,Label (PDF),data/fda_dossiers/humira/052_125057s327lbl.pdf,downloaded,3613890,adccf12cda657194e88d763cb51792f2ac6b08ff000b65832fa031cf26e0092c
humira,AbbVie,125057,https://www.accessdata.fda.gov/scripts/cder/daf/index.cfm?event=overview.process&ApplNo=125057,https://www.accessdata.fda.gov/drugsatfda_docs/appletter/2013/125057Orig1s327ltr.pdf,Letter (PDF),data/fda_dossiers/humira/053_125057orig1s327ltr.pdf,downloaded,53576,a1dab51d3586f73adb937205e3222436b2bc089ca64805affd552214d11f35e1
humira,AbbVie,125057,https://www.accessdata.fda.gov/scripts/cder/daf/index.cfm?event=overview.process&ApplNo=125057,https://www.accessdata.fda.gov/drugsatfda_docs/label/2013/125057s322lbl.pdf,Label (PDF),data/fda_dossiers/humira/054_125057s322lbl.pdf,downloaded,2975067,1c8d042ddcdf17189a80ed21272164dbd74ba0a6bf947face93c623018308cff
humira,AbbVie,125057,https://www.accessdata.fda.gov/scripts/cder/daf/index.cfm?event=overview.process&ApplNo=125057,https://www.accessdata.fda.gov/drugsatfda_docs/nda/2013/125057Orig1s322.pdf,Review (PDF),data/fda_dossiers/humira/055_125057orig1s322.pdf,downloaded,16756965,72c463083132a2e2e58bbc82f8b2d1699f57701bc0e616b40f07f8579192aa8a
humira,AbbVie,125057,https://www.accessdata.fda.gov/scripts/cder/daf/index.cfm?event=overview.process&ApplNo=125057,https://www.accessdata.fda.gov/drugsatfda_docs/label/2013/125057s310lbl.pdf,Label (PDF),data/fda_dossiers/humira/056_125057s310lbl.pdf,downloaded,1059254,31bd49603c8c92cf15055bfa42f3af40c86df38122b0422ff8a61a7e9d02919b
humira,AbbVie,125057,https://www.accessdata.fda.gov/scripts/cder/daf/index.cfm?event=overview.process&ApplNo=125057,https://www.accessdata.fda.gov/drugsatfda_docs/appletter/2013/125057Orig1s310ltr.pdf,Letter (PDF),data/fda_dossiers/humira/057_125057orig1s310ltr.pdf,downloaded,44767,8460ab6ec4f3b170724cb0e88d864a2682f2ad68c40b891d3c236855aa8e6b94
humira,AbbVie,125057,https://www.accessdata.fda.gov/scripts/cder/daf/index.cfm?event=overview.process&ApplNo=125057,https://www.accessdata.fda.gov/drugsatfda_docs/appletter/2014/125057Orig1s280ltr.pdf,Letter (PDF),data/fda_dossiers/humira/058_125057orig1s280ltr.pdf,downloaded,66473,fc00df5d0a0549963077d355a1737390a2c9bd37e61148c30fded8a5e65c1251
humira,AbbVie,125057,https://www.accessdata.fda.gov/scripts/cder/daf/index.cfm?event=overview.process&ApplNo=125057,https://www.accessdata.fda.gov/drugsatfda_docs/label/2012/125057s0278lbl.pdf,Label (PDF),data/fda_dossiers/humira/059_125057s0278lbl.pdf,downloaded,2310845,cd7526b4d6ea5b3ea45f71b3d2b637935c2e6ca433195d27556934f5744aa05b
humira,AbbVie,125057,https://www.accessdata.fda.gov/scripts/cder/daf/index.cfm?event=overview.process&ApplNo=125057,https://www.accessdata.fda.gov/drugsatfda_docs/appletter/2012/125057s0278ltr.pdf,Letter (PDF),data/fda_dossiers/humira/060_125057s0278ltr.pdf,downloaded,51346,187b53d53ca901c0a62aa3a4ee950186ae89ff211bff70b50a2e3065e123fb78
humira,AbbVie,125057,https://www.accessdata.fda.gov/scripts/cder/daf/index.cfm?event=overview.process&ApplNo=125057,https://www.accessdata.fda.gov/drugsatfda_docs/label/2011/125057s0276lbl.pdf,Label (PDF),data/fda_dossiers/humira/061_125057s0276lbl.pdf,downloaded,6316841,dc222561401ceac9319a935b46a99949b6bb474f788749a50d9ae8c3642a4bf4
humira,AbbVie,125057,https://www.accessdata.fda.gov/scripts/cder/daf/index.cfm?event=overview.process&ApplNo=125057,https://www.accessdata.fda.gov/drugsatfda_docs/appletter/2011/125057s276ltr.pdf,Letter (PDF),data/fda_dossiers/humira/062_125057s276ltr.pdf,downloaded,105926,c139f58a5cc9562c369d900b0ca798eb5b8e6447fec7fefdcd3ae2ae746b26f2
humira,AbbVie,125057,https://www.accessdata.fda.gov/scripts/cder/daf/index.cfm?event=overview.process&ApplNo=125057,https://www.accessdata.fda.gov/drugsatfda_docs/appletter/2012/125057s271ltr.pdf,Letter (PDF),data/fda_dossiers/humira/063_125057s271ltr.pdf,downloaded,112199,555f66422bc3ee5efda47f34f6148c168791122aea67997043e5b4304569a330
humira,AbbVie,125057,https://www.accessdata.fda.gov/scripts/cder/daf/index.cfm?event=overview.process&ApplNo=125057,https://www.accessdata.fda.gov/drugsatfda_docs/appletter/2011/125057s255ltr.pdf,Letter (PDF),data/fda_dossiers/humira/064_125057s255ltr.pdf,downloaded,47833,955848d695ed84e8242322feb259ebf81f55f017436af1c64a30e8f11b3e3280
humira,AbbVie,125057,https://www.accessdata.fda.gov/scripts/cder/daf/index.cfm?event=overview.process&ApplNo=125057,https://www.accessdata.fda.gov/drugsatfda_docs/appletter/2011/125057s254ltr.pdf,Letter (PDF),data/fda_dossiers/humira/065_125057s254ltr.pdf,downloaded,40789,3d86afd501ceb1f995a0e7a962653d67ce053b259f4adaf182c97d22e4e83e79
humira,AbbVie,125057,https://www.accessdata.fda.gov/scripts/cder/daf/index.cfm?event=overview.process&ApplNo=125057,https://www.accessdata.fda.gov/drugsatfda_docs/label/2012/125057s232lbl.pdf,Label (PDF),data/fda_dossiers/humira/066_125057s232lbl.pdf,downloaded,2287083,56de17924f4163889e918dfddfc5d76d845f526f8ba876abaeb04b23812c5f9e
humira,AbbVie,125057,https://www.accessdata.fda.gov/scripts/cder/daf/index.cfm?event=overview.process&ApplNo=125057,https://www.accessdata.fda.gov/drugsatfda_docs/appletter/2012/125057Orig1s232ltr.pdf,Letter (PDF),data/fda_dossiers/humira/067_125057orig1s232ltr.pdf,downloaded,129365,a709d72b2e4274ae043ec690604581a876f61282ce6e1ef411f99e122ed197e3
humira,AbbVie,125057,https://www.accessdata.fda.gov/scripts/cder/daf/index.cfm?event=overview.process&ApplNo=125057,https://www.accessdata.fda.gov/drugsatfda_docs/nda/2012/125057Orig1s232.pdf,Review (PDF),data/fda_dossiers/humira/068_125057orig1s232.pdf,downloaded,43912341,26a64c125a3994af26d8debae49ab7ab5168510aa6d417e1cd804ce79555dbb8
humira,AbbVie,125057,https://www.accessdata.fda.gov/scripts/cder/daf/index.cfm?event=overview.process&ApplNo=125057,https://www.accessdata.fda.gov/drugsatfda_docs/appletter/2010/125057s224ltr.pdf,Letter (PDF),data/fda_dossiers/humira/069_125057s224ltr.pdf,downloaded,42879,751c9126ec8c777cfbcb4cd1c28a1e56a87817bcb0ad1d4b198fdc00b0e837ac
humira,AbbVie,125057,https://www.accessdata.fda.gov/scripts/cder/daf/index.cfm?event=overview.process&ApplNo=125057,https://www.accessdata.fda.gov/drugsatfda_docs/label/2011/125057s0215lbl.pdf,Label (PDF),data/fda_dossiers/humira/070_125057s0215lbl.pdf,downloaded,3797160,fd9a0b344ce53e95dd9aa71aeff0896b042916eb1b14aa388f17d378b21ec4a8
humira,AbbVie,125057,https://www.accessdata.fda.gov/scripts/cder/daf/index.cfm?event=overview.process&ApplNo=125057,https://www.accessdata.fda.gov/drugsatfda_docs/appletter/2010/125057s0213ltr.pdf,Letter (PDF),data/fda_dossiers/humira/071_125057s0213ltr.pdf,downloaded,41530,d598ef08e9d32c257581027675abf581df5d290515946d47df1de1c48a700a49
humira,AbbVie,125057,https://www.accessdata.fda.gov/scripts/cder/daf/index.cfm?event=overview.process&ApplNo=125057,https://www.accessdata.fda.gov/drugsatfda_docs/bla/2010/125057Orig1s0213.pdf,Review (PDF),data/fda_dossiers/humira/072_125057orig1s0213.pdf,downloaded,5792812,e58964d209bac98402c48c7a2fa173c3a07a76472b390baa497d87213e1b1ad4
humira,AbbVie,125057,https://www.accessdata.fda.gov/scripts/cder/daf/index.cfm?event=overview.process&ApplNo=125057,https://www.accessdata.fda.gov/drugsatfda_docs/label/2009/125057s196lbl.pdf,Label (PDF),data/fda_dossiers/humira/073_125057s196lbl.pdf,downloaded,1312178,4ab4ec24f8e51daa16833fb4ee12f0c81627a8f923f0a761118e5befcfae92d0
humira,AbbVie,125057,https://www.accessdata.fda.gov/scripts/cder/daf/index.cfm?event=overview.process&ApplNo=125057,https://www.accessdata.fda.gov/drugsatfda_docs/appletter/2009/125057s0196ltr.pdf,Letter (PDF),data/fda_dossiers/humira/074_125057s0196ltr.pdf,downloaded,430279,c9039eef85d64537358cd7abea130e7f7778f72206eab17b15594cf05b18f450
humira,AbbVie,125057,https://www.accessdata.fda.gov/scripts/cder/daf/index.cfm?event=overview.process&ApplNo=125057,https://www.accessdata.fda.gov/drugsatfda_docs/appletter/2010/125057s161ltr.pdf,Letter (PDF),data/fda_dossiers/humira/075_125057s161ltr.pdf,downloaded,243307,c0c9dfc039101ac79b1715a1135f19a5a355b88f66f7efb98827945c537b86b8
